Time,ZONE OFFICE WHOLEBUILDING - MD OFFICE  - STORY B1:CHICAGO OHARE INTL AP ANN HTG 99.6% CONDNS DB 1:Des Heat Load [W],ZONE OFFICE WHOLEBUILDING - MD OFFICE  - STORY B1::Des Sens Cool Load [W],ZONE OFFICE WHOLEBUILDING - MD OFFICE  - STORY B1:CHICAGO OHARE INTL AP ANN HTG 99.6% CONDNS DB 1:Des Heat Mass Flow [kg/s],ZONE OFFICE WHOLEBUILDING - MD OFFICE  - STORY B1::Des Cool Mass Flow [kg/s],ZONE OFFICE WHOLEBUILDING - MD OFFICE  - STORY B1 1:CHICAGO OHARE INTL AP ANN HTG 99.6% CONDNS DB 1:Des Heat Load [W],ZONE OFFICE WHOLEBUILDING - MD OFFICE  - STORY B1 1::Des Sens Cool Load [W],ZONE OFFICE WHOLEBUILDING - MD OFFICE  - STORY B1 1:CHICAGO OHARE INTL AP ANN HTG 99.6% CONDNS DB 1:Des Heat Mass Flow [kg/s],ZONE OFFICE WHOLEBUILDING - MD OFFICE  - STORY B1 1::Des Cool Mass Flow [kg/s],ZONE OFFICE WHOLEBUILDING - MD OFFICE  - STORY GROUND:CHICAGO OHARE INTL AP ANN HTG 99.6% CONDNS DB 1:Des Heat Load [W],ZONE OFFICE WHOLEBUILDING - MD OFFICE  - STORY GROUND:CHICAGO OHARE INTL AP ANN CLG .4% CONDNS DB=>MWB 1:Des Sens Cool Load [W],ZONE OFFICE WHOLEBUILDING - MD OFFICE  - STORY GROUND:CHICAGO OHARE INTL AP ANN HTG 99.6% CONDNS DB 1:Des Heat Mass Flow [kg/s],ZONE OFFICE WHOLEBUILDING - MD OFFICE  - STORY GROUND:CHICAGO OHARE INTL AP ANN CLG .4% CONDNS DB=>MWB 1:Des Cool Mass Flow [kg/s],ZONE OFFICE WHOLEBUILDING - MD OFFICE  - STORY GROUND 1:CHICAGO OHARE INTL AP ANN HTG 99.6% CONDNS DB 1:Des Heat Load [W],ZONE OFFICE WHOLEBUILDING - MD OFFICE  - STORY GROUND 1:CHICAGO OHARE INTL AP ANN CLG .4% CONDNS DB=>MWB 1:Des Sens Cool Load [W],ZONE OFFICE WHOLEBUILDING - MD OFFICE  - STORY GROUND 1:CHICAGO OHARE INTL AP ANN HTG 99.6% CONDNS DB 1:Des Heat Mass Flow [kg/s],ZONE OFFICE WHOLEBUILDING - MD OFFICE  - STORY GROUND 1:CHICAGO OHARE INTL AP ANN CLG .4% CONDNS DB=>MWB 1:Des Cool Mass Flow [kg/s],ZONE OFFICE WHOLEBUILDING - MD OFFICE  - STORY TOP:CHICAGO OHARE INTL AP ANN HTG 99.6% CONDNS DB 1:Des Heat Load [W],ZONE OFFICE WHOLEBUILDING - MD OFFICE  - STORY TOP:CHICAGO OHARE INTL AP ANN CLG .4% CONDNS DB=>MWB 1:Des Sens Cool Load [W],ZONE OFFICE WHOLEBUILDING - MD OFFICE  - STORY TOP:CHICAGO OHARE INTL AP ANN HTG 99.6% CONDNS DB 1:Des Heat Mass Flow [kg/s],ZONE OFFICE WHOLEBUILDING - MD OFFICE  - STORY TOP:CHICAGO OHARE INTL AP ANN CLG .4% CONDNS DB=>MWB 1:Des Cool Mass Flow [kg/s],ZONE OFFICE WHOLEBUILDING - MD OFFICE  - STORY TOP 1:CHICAGO OHARE INTL AP ANN HTG 99.6% CONDNS DB 1:Des Heat Load [W],ZONE OFFICE WHOLEBUILDING - MD OFFICE  - STORY TOP 1:CHICAGO OHARE INTL AP ANN CLG .4% CONDNS DB=>MWB 1:Des Sens Cool Load [W],ZONE OFFICE WHOLEBUILDING - MD OFFICE  - STORY TOP 1:CHICAGO OHARE INTL AP ANN HTG 99.6% CONDNS DB 1:Des Heat Mass Flow [kg/s],ZONE OFFICE WHOLEBUILDING - MD OFFICE  - STORY TOP 1:CHICAGO OHARE INTL AP ANN CLG .4% CONDNS DB=>MWB 1:Des Cool Mass Flow [kg/s]
00:15:00,0.000000E+00,0.000000E+00,0.000000E+00,0.000000E+00,0.000000E+00,0.000000E+00,0.000000E+00,0.000000E+00,1.734928E+04,7.727468E+03,4.944776E-01,5.439329E-01,1.191126E+04,5.989993E+03,3.394783E-01,4.216429E-01,3.181120E+04,5.256581E+03,9.065484E-01,3.700176E-01,2.093745E+04,3.589075E+03,5.966528E-01,2.526450E-01
00:30:00,0.000000E+00,0.000000E+00,0.000000E+00,0.000000E+00,0.000000E+00,0.000000E+00,0.000000E+00,0.000000E+00,1.757736E+04,7.671725E+03,5.009724E-01,5.400122E-01,1.206391E+04,5.924991E+03,3.438249E-01,4.170695E-01,3.221687E+04,5.254776E+03,9.181031E-01,3.698935E-01,2.118881E+04,3.556915E+03,6.038120E-01,2.503835E-01
00:45:00,0.000000E+00,0.000000E+00,0.000000E+00,0.000000E+00,0.000000E+00,0.000000E+00,0.000000E+00,0.000000E+00,1.778625E+04,7.605792E+03,5.069215E-01,5.353728E-01,1.220282E+04,5.855016E+03,3.477807E-01,4.121450E-01,3.255415E+04,5.217913E+03,9.277117E-01,3.673005E-01,2.139610E+04,3.512525E+03,6.097175E-01,2.472597E-01
01:00:00,0.000000E+00,0.000000E+00,0.000000E+00,0.000000E+00,0.000000E+00,0.000000E+00,0.000000E+00,0.000000E+00,1.798329E+04,7.532578E+03,5.125341E-01,5.302198E-01,1.233274E+04,5.782648E+03,3.514815E-01,4.070514E-01,3.284208E+04,5.165853E+03,9.359156E-01,3.636366E-01,2.157214E+04,3.459552E+03,6.147334E-01,2.435309E-01
01:15:00,0.000000E+00,0.000000E+00,0.000000E+00,0.000000E+00,0.000000E+00,0.000000E+00,0.000000E+00,0.000000E+00,1.817191E+04,7.485884E+03,5.179077E-01,5.269330E-01,1.245703E+04,5.728562E+03,3.550224E-01,4.032443E-01,3.309278E+04,5.123554E+03,9.430600E-01,3.606592E-01,2.172481E+04,3.414332E+03,6.190844E-01,2.403476E-01
01:30:00,0.000000E+00,0.000000E+00,0.000000E+00,0.000000E+00,0.000000E+00,0.000000E+00,0.000000E+00,0.000000E+00,1.835365E+04,7.437983E+03,5.230854E-01,5.235611E-01,1.257604E+04,5.674569E+03,3.584129E-01,3.994435E-01,3.331281E+04,5.076813E+03,9.493306E-01,3.573689E-01,2.185842E+04,3.367507E+03,6.228921E-01,2.370512E-01
01:45:00,0.000000E+00,0.000000E+00,0.000000E+00,0.000000E+00,0.000000E+00,0.000000E+00,0.000000E+00,0.000000E+00,1.852978E+04,7.389744E+03,5.281040E-01,5.201653E-01,1.269091E+04,5.620799E+03,3.616861E-01,3.956582E-01,3.350713E+04,5.027655E+03,9.548688E-01,3.539082E-01,2.197634E+04,3.320317E+03,6.262529E-01,2.337290E-01
02:00:00,0.000000E+00,0.000000E+00,0.000000E+00,0.000000E+00,0.000000E+00,0.000000E+00,0.000000E+00,0.000000E+00,1.870117E+04,7.341935E+03,5.329880E-01,5.167997E-01,1.280263E+04,5.567139E+03,3.648698E-01,3.918806E-01,3.368059E+04,4.977693E+03,9.598126E-01,3.503910E-01,2.208132E+04,3.273726E+03,6.292449E-01,2.304489E-01
02:15:00,0.000000E+00,0.000000E+00,0.000000E+00,0.000000E+00,0.000000E+00,0.000000E+00,0.000000E+00,0.000000E+00,1.886879E+04,7.293331E+03,5.377645E-01,5.133783E-01,1.291099E+04,5.513171E+03,3.679575E-01,3.880813E-01,3.383498E+04,4.925580E+03,9.642127E-01,3.467224E-01,2.217460E+04,3.226731E+03,6.319033E-01,2.271404E-01
02:30:00,0.000000E+00,0.000000E+00,0.000000E+00,0.000000E+00,0.000000E+00,0.000000E+00,0.000000E+00,0.000000E+00,1.903257E+04,7.244305E+03,5.424317E-01,5.099272E-01,1.301680E+04,5.459217E+03,3.709730E-01,3.842831E-01,3.397285E+04,4.871976E+03,9.681422E-01,3.429487E-01,2.225777E+04,3.179671E+03,6.342737E-01,2.238274E-01
02:45:00,0.000000E+00,0.000000E+00,0.000000E+00,0.000000E+00,0.000000E+00,0.000000E+00,0.000000E+00,0.000000E+00,1.919253E+04,7.195218E+03,5.469904E-01,5.064718E-01,1.311991E+04,5.405574E+03,3.739114E-01,3.805068E-01,3.409596E+04,4.817507E+03,9.716510E-01,3.391142E-01,2.233194E+04,3.132874E+03,6.363876E-01,2.205329E-01
03:00:00,0.000000E+00,0.000000E+00,0.000000E+00,0.000000E+00,0.000000E+00,0.000000E+00,0.000000E+00,0.000000E+00,1.934885E+04,7.146383E+03,5.514453E-01,5.030341E-01,1.322041E+04,5.352469E+03,3.767757E-01,3.767684E-01,3.420580E+04,4.762754E+03,9.747815E-01,3.352596E-01,2.239803E+04,3.086643E+03,6.382713E-01,2.172782E-01
03:15:00,0.000000E+00,0.000000E+00,0.000000E+00,0.000000E+00,0.000000E+00,0.000000E+00,0.000000E+00,0.000000E+00,1.950167E+04,7.096156E+03,5.558008E-01,4.994984E-01,1.331844E+04,5.298857E+03,3.795695E-01,3.729943E-01,3.430378E+04,4.705521E+03,9.775740E-01,3.312305E-01,2.245693E+04,3.039448E+03,6.399499E-01,2.139557E-01
03:30:00,0.000000E+00,0.000000E+00,0.000000E+00,0.000000E+00,0.000000E+00,0.000000E+00,0.000000E+00,0.000000E+00,1.965116E+04,7.044651E+03,5.600613E-01,4.958728E-01,1.341411E+04,5.244798E+03,3.822960E-01,3.691888E-01,3.439118E+04,4.645873E+03,9.800651E-01,3.270313E-01,2.250941E+04,2.991266E+03,6.414458E-01,2.105636E-01
03:45:00,0.000000E+00,0.000000E+00,0.000000E+00,0.000000E+00,0.000000E+00,0.000000E+00,0.000000E+00,0.000000E+00,1.979744E+04,6.992020E+03,5.642302E-01,4.921678E-01,1.350752E+04,5.190380E+03,3.849581E-01,3.653580E-01,3.446915E+04,4.583960E+03,9.822875E-01,3.226727E-01,2.255619E+04,2.942140E+03,6.427791E-01,2.071052E-01
04:00:00,0.000000E+00,0.000000E+00,0.000000E+00,0.000000E+00,0.000000E+00,0.000000E+00,0.000000E+00,0.000000E+00,1.994063E+04,6.938399E+03,5.683110E-01,4.883933E-01,1.359876E+04,5.135686E+03,3.875585E-01,3.615078E-01,3.453872E+04,4.519967E+03,9.842703E-01,3.181676E-01,2.259789E+04,2.892144E+03,6.439675E-01,2.035854E-01
04:15:00,0.000000E+00,0.000000E+00,0.000000E+00,0.000000E+00,0.000000E+00,0.000000E+00,0.000000E+00,0.000000E+00,2.008082E+04,6.885887E+03,5.723066E-01,4.846967E-01,1.368791E+04,5.082085E+03,3.900995E-01,3.577345E-01,3.460080E+04,4.456845E+03,9.860397E-01,3.137239E-01,2.263507E+04,2.843193E+03,6.450271E-01,2.001392E-01
04:30:00,0.000000E+00,0.000000E+00,0.000000E+00,0.000000E+00,0.000000E+00,0.000000E+00,0.000000E+00,0.000000E+00,2.021811E+04,6.834713E+03,5.762197E-01,4.810944E-01,1.377506E+04,5.029732E+03,3.925832E-01,3.540492E-01,3.465621E+04,4.395203E+03,9.876189E-01,3.093843E-01,2.266822E+04,2.795643E+03,6.459720E-01,1.967917E-01
04:45:00,0.000000E+00,0.000000E+00,0.000000E+00,0.000000E+00,0.000000E+00,0.000000E+00,0.000000E+00,0.000000E+00,2.035260E+04,6.824969E+03,5.800526E-01,4.804083E-01,1.386026E+04,5.024755E+03,3.950115E-01,3.536987E-01,3.470568E+04,4.390219E+03,9.890288E-01,3.090330E-01,2.269780E+04,2.812602E+03,6.468149E-01,1.979851E-01
05:00:00,0.000000E+00,0.000000E+00,0.000000E+00,0.000000E+00,0.000000E+00,0.000000E+00,0.000000E+00,0.000000E+00,2.048435E+04,6.916318E+03,5.838076E-01,4.868388E-01,1.394358E+04,5.183409E+03,3.973862E-01,3.648672E-01,3.474985E+04,4.598736E+03,9.902879E-01,3.237114E-01,2.272419E+04,3.036904E+03,6.475671E-01,2.137753E-01
05:15:00,0.000000E+00,0.000000E+00,0.000000E+00,0.000000E+00,0.000000E+00,0.000000E+00,0.000000E+00,0.000000E+00,2.349710E+04,8.524848E+03,6.779379E-01,6.070261E-01,1.582345E+04,6.404658E+03,4.565682E-01,4.566548E-01,3.804694E+04,6.375361E+03,1.098054E+00,4.542164E-01,2.476857E+04,4.383427E+03,7.148749E-01,3.129194E-01
05:30:00,0.000000E+00,0.000000E+00,0.000000E+00,0.000000E+00,0.000000E+00,0.000000E+00,0.000000E+00,0.000000E+00,2.386067E+04,9.106201E+03,6.979519E-01,6.603097E-01,1.612174E+04,7.128993E+03,4.717323E-01,5.183214E-01,3.830455E+04,7.168405E+03,1.121191E+00,5.202219E-01,2.497671E+04,5.342418E+03,7.312091E-01,3.893631E-01
05:45:00,0.000000E+00,0.000000E+00,0.000000E+00,0.000000E+00,0.000000E+00,0.000000E+00,0.000000E+00,0.000000E+00,2.596205E+04,1.056109E+04,7.705835E-01,7.800105E-01,1.743347E+04,8.481608E+03,5.175789E-01,6.278431E-01,3.996601E+04,8.895310E+03,1.186769E+00,6.572949E-01,2.601740E+04,7.024068E+03,7.727060E-01,5.209330E-01
06:00:00,0.000000E+00,0.000000E+00,0.000000E+00,0.000000E+00,0.000000E+00,0.000000E+00,0.000000E+00,0.000000E+00,2.758134E+04,1.183900E+04,8.286671E-01,8.867832E-01,1.845896E+04,9.766513E+03,5.547890E-01,7.330613E-01,4.105709E+04,1.041379E+04,1.235084E+00,7.796613E-01,2.670884E+04,8.710138E+03,8.036318E-01,6.539285E-01
06:15:00,1.040858E+03,0.000000E+00,3.264292E-02,0.000000E+00,7.789288E+02,0.000000E+00,2.426373E-02,0.000000E+00,2.933852E+04,1.291728E+04,8.999547E-01,9.857925E-01,1.956295E+04,1.098418E+04,6.001318E-01,8.385971E-01,4.210674E+04,1.178674E+04,1.291438E+00,8.998955E-01,2.737278E+04,1.041054E+04,8.395706E-01,7.953249E-01
06:30:00,1.040858E+03,0.000000E+00,3.264292E-02,0.000000E+00,7.789288E+02,0.000000E+00,2.426373E-02,0.000000E+00,3.106752E+04,1.434000E+04,9.666137E-01,1.109566E+00,2.062902E+04,1.242204E+04,6.420334E-01,9.621437E-01,4.306391E+04,1.353526E+04,1.340113E+00,1.048074E+00,2.797884E+04,1.233386E+04,8.708392E-01,9.564051E-01
06:45:00,1.168898E+03,0.000000E+00,3.679203E-02,0.000000E+00,8.923991E+02,0.000000E+00,2.794190E-02,0.000000E+00,3.229082E+04,1.538563E+04,1.020494E+00,1.207186E+00,2.141123E+04,1.361107E+04,6.768438E-01,1.068850E+00,4.354552E+04,1.489801E+04,1.376287E+00,1.169720E+00,2.829789E+04,1.399458E+04,8.945364E-01,1.100048E+00
07:00:00,1.678858E+03,0.000000E+00,5.324301E-02,0.000000E+00,1.281144E+03,0.000000E+00,4.048264E-02,0.000000E+00,3.386909E+04,1.645540E+04,1.084953E+00,1.306379E+00,2.239588E+04,1.479385E+04,7.176708E-01,1.175462E+00,4.435779E+04,1.628085E+04,1.422043E+00,1.292945E+00,2.881416E+04,1.563601E+04,9.239329E-01,1.243056E+00
07:15:00,2.604360E+03,0.000000E+00,8.435617E-02,0.000000E+00,1.791273E+03,0.000000E+00,5.813964E-02,0.000000E+00,3.457428E+04,1.777554E+04,1.125942E+00,1.444676E+00,2.283668E+04,1.612535E+04,7.437004E-01,1.311036E+00,4.416573E+04,1.792863E+04,1.438010E+00,1.457907E+00,2.870874E+04,1.742593E+04,9.347414E-01,1.417557E+00
07:30:00,2.604360E+03,0.000000E+00,8.435617E-02,0.000000E+00,1.791273E+03,0.000000E+00,5.813964E-02,0.000000E+00,3.602999E+04,1.856905E+04,1.186369E+00,1.540504E+00,2.372922E+04,1.707049E+04,7.814140E-01,1.418049E+00,4.485924E+04,1.899668E+04,1.476865E+00,1.577145E+00,2.913752E+04,1.875601E+04,9.593447E-01,1.559320E+00
07:45:00,3.941139E+03,0.000000E+00,1.300184E-01,0.000000E+00,2.744525E+03,0.000000E+00,9.058842E-02,0.000000E+00,3.731895E+04,1.962781E+04,1.243100E+00,1.663147E+00,2.452236E+04,1.809450E+04,8.169173E-01,1.534767E+00,4.548002E+04,2.029338E+04,1.514688E+00,1.720479E+00,2.952495E+04,2.009485E+04,9.833852E-01,1.705392E+00
08:00:00,4.729830E+03,0.000000E+00,1.574898E-01,0.000000E+00,3.161774E+03,0.000000E+00,1.053047E-01,0.000000E+00,3.833842E+04,2.068129E+04,1.290548E+00,1.784848E+00,2.515502E+04,1.903230E+04,8.468793E-01,1.644472E+00,4.587836E+04,2.159059E+04,1.544598E+00,1.863913E+00,2.978156E+04,2.130471E+04,1.002752E+00,1.841459E+00
08:15:00,3.933332E+03,0.000000E+00,1.332942E-01,0.000000E+00,2.671461E+03,0.000000E+00,9.039451E-02,0.000000E+00,3.709611E+04,2.027209E+04,1.254150E+00,1.770436E+00,2.438199E+04,1.889477E+04,8.242971E-01,1.650074E+00,4.392718E+04,2.141221E+04,1.485009E+00,1.870177E+00,2.858078E+04,2.135875E+04,9.661843E-01,1.865382E+00
08:30:00,5.123986E+03,0.000000E+00,1.735575E-01,0.000000E+00,3.469320E+03,0.000000E+00,1.173751E-01,0.000000E+00,3.768393E+04,2.120278E+04,1.273969E+00,1.851825E+00,2.471491E+04,1.948612E+04,8.355141E-01,1.701879E+00,4.411805E+04,2.267249E+04,1.491375E+00,1.980388E+00,2.867552E+04,2.216051E+04,9.693263E-01,1.935636E+00
08:45:00,4.843208E+03,0.000000E+00,1.637860E-01,0.000000E+00,3.195574E+03,0.000000E+00,1.080636E-01,0.000000E+00,3.711645E+04,2.147296E+04,1.254778E+00,1.875444E+00,2.436041E+04,1.962612E+04,8.235247E-01,1.714142E+00,4.336816E+04,2.337106E+04,1.466007E+00,2.041436E+00,2.821390E+04,2.253475E+04,9.537085E-01,1.968378E+00
09:00:00,4.721568E+03,0.000000E+00,1.596656E-01,0.000000E+00,3.177810E+03,0.000000E+00,1.074615E-01,0.000000E+00,3.686104E+04,2.196057E+04,1.246152E+00,1.918022E+00,2.419656E+04,1.980249E+04,8.179904E-01,1.729541E+00,4.300964E+04,2.434247E+04,1.453888E+00,2.126274E+00,2.799206E+04,2.292867E+04,9.462093E-01,2.002781E+00
09:15:00,4.722009E+03,0.000000E+00,1.596803E-01,0.000000E+00,3.162786E+03,0.000000E+00,1.069534E-01,0.000000E+00,3.663860E+04,2.248909E+04,1.238637E+00,1.964177E+00,2.405452E+04,1.993075E+04,8.131910E-01,1.740737E+00,4.272673E+04,2.538446E+04,1.444322E+00,2.217283E+00,2.781837E+04,2.324688E+04,9.403363E-01,2.030567E+00
09:30:00,4.695248E+03,0.000000E+00,1.587754E-01,0.000000E+00,3.144349E+03,0.000000E+00,1.063299E-01,0.000000E+00,3.643341E+04,2.303057E+04,1.231701E+00,2.011468E+00,2.392395E+04,1.999781E+04,8.087777E-01,1.746590E+00,4.249008E+04,2.645044E+04,1.436320E+00,2.310394E+00,2.767391E+04,2.346927E+04,9.354513E-01,2.049985E+00
09:45:00,4.668957E+03,0.000000E+00,1.578863E-01,0.000000E+00,3.126679E+03,0.000000E+00,1.057324E-01,0.000000E+00,3.624173E+04,2.357149E+04,1.225222E+00,2.058711E+00,2.380229E+04,2.000080E+04,8.046650E-01,1.746847E+00,4.228735E+04,2.751341E+04,1.429465E+00,2.403241E+00,2.755066E+04,2.358920E+04,9.312838E-01,2.060453E+00
10:00:00,4.643793E+03,0.000000E+00,1.570354E-01,0.000000E+00,3.109808E+03,0.000000E+00,1.051618E-01,0.000000E+00,3.606086E+04,2.408893E+04,1.219108E+00,2.103903E+00,2.368772E+04,1.993905E+04,8.007918E-01,1.741450E+00,4.210995E+04,2.853556E+04,1.423467E+00,2.492519E+00,2.744309E+04,2.360468E+04,9.276469E-01,2.061798E+00
10:15:00,4.619660E+03,0.000000E+00,1.562193E-01,0.000000E+00,3.093649E+03,0.000000E+00,1.046154E-01,0.000000E+00,3.588914E+04,2.458369E+04,1.213302E+00,2.147112E+00,2.357911E+04,1.981319E+04,7.971201E-01,1.730453E+00,4.195427E+04,2.950984E+04,1.418204E+00,2.577613E+00,2.734889E+04,2.351626E+04,9.244620E-01,2.054067E+00
10:30:00,4.596465E+03,0.000000E+00,1.554349E-01,0.000000E+00,3.078137E+03,0.000000E+00,1.040908E-01,0.000000E+00,3.572541E+04,2.505028E+04,1.207767E+00,2.187861E+00,2.347569E+04,1.962697E+04,7.936239E-01,1.714185E+00,4.181673E+04,3.042643E+04,1.413553E+00,2.657666E+00,2.726582E+04,2.332914E+04,9.216535E-01,2.037715E+00
10:45:00,4.574136E+03,0.000000E+00,1.546798E-01,0.000000E+00,3.063219E+03,0.000000E+00,1.035864E-01,0.000000E+00,3.556889E+04,2.548306E+04,1.202475E+00,2.225656E+00,2.337694E+04,1.938682E+04,7.902855E-01,1.693208E+00,4.169497E+04,3.127529E+04,1.409437E+00,2.731802E+00,2.719239E+04,2.305314E+04,9.191711E-01,2.013600E+00
11:00:00,4.552616E+03,0.000000E+00,1.539521E-01,0.000000E+00,3.048855E+03,0.000000E+00,1.031006E-01,0.000000E+00,3.541897E+04,2.587869E+04,1.197407E+00,2.260206E+00,2.328246E+04,1.910289E+04,7.870913E-01,1.668407E+00,4.158715E+04,3.204950E+04,1.405792E+00,2.799418E+00,2.712744E+04,2.270352E+04,9.169754E-01,1.983056E+00
11:15:00,4.531856E+03,0.000000E+00,1.532501E-01,0.000000E+00,3.035010E+03,0.000000E+00,1.026325E-01,0.000000E+00,3.527515E+04,2.622864E+04,1.192545E+00,2.290766E+00,2.319191E+04,1.878502E+04,7.840301E-01,1.640641E+00,4.149159E+04,3.273565E+04,1.402561E+00,2.859341E+00,2.706995E+04,2.229566E+04,9.150317E-01,1.947427E+00
11:30:00,4.511812E+03,0.000000E+00,1.525723E-01,0.000000E+00,3.021654E+03,0.000000E+00,1.021808E-01,0.000000E+00,3.513698E+04,2.653405E+04,1.187874E+00,2.317436E+00,2.310501E+04,1.845342E+04,7.810922E-01,1.611678E+00,4.140687E+04,3.333302E+04,1.399697E+00,2.911509E+00,2.701902E+04,2.185846E+04,9.133100E-01,1.909234E+00
11:45:00,4.492464E+03,0.000000E+00,1.519180E-01,0.000000E+00,3.008772E+03,0.000000E+00,1.017452E-01,0.000000E+00,3.500426E+04,2.679942E+04,1.183387E+00,2.340609E+00,2.302161E+04,1.813576E+04,7.782727E-01,1.583932E+00,4.133211E+04,3.384576E+04,1.397169E+00,2.956286E+00,2.697412E+04,2.143032E+04,9.117920E-01,1.871835E+00
12:00:00,4.473769E+03,0.000000E+00,1.512858E-01,0.000000E+00,2.996335E+03,0.000000E+00,1.013246E-01,0.000000E+00,3.487660E+04,2.703385E+04,1.179070E+00,2.361080E+00,2.294147E+04,1.787171E+04,7.755631E-01,1.560871E+00,4.126607E+04,3.428442E+04,1.394936E+00,2.994592E+00,2.693448E+04,2.106317E+04,9.104519E-01,1.839765E+00
12:15:00,4.455693E+03,0.000000E+00,1.506746E-01,0.000000E+00,2.984319E+03,0.000000E+00,1.009183E-01,0.000000E+00,3.475362E+04,2.726046E+04,1.174913E+00,2.380868E+00,2.286433E+04,1.772474E+04,7.729553E-01,1.548035E+00,4.120757E+04,3.467887E+04,1.392959E+00,3.029038E+00,2.689941E+04,2.083946E+04,9.092662E-01,1.820226E+00
12:30:00,4.438208E+03,0.000000E+00,1.500833E-01,0.000000E+00,2.972705E+03,0.000000E+00,1.005255E-01,0.000000E+00,3.463504E+04,2.748625E+04,1.170904E+00,2.400586E+00,2.279002E+04,1.772344E+04,7.704430E-01,1.547926E+00,4.115572E+04,3.504127E+04,1.391206E+00,3.060685E+00,2.686834E+04,2.080402E+04,9.082158E-01,1.817136E+00
12:45:00,4.421274E+03,0.000000E+00,1.495106E-01,0.000000E+00,2.961464E+03,0.000000E+00,1.001454E-01,0.000000E+00,3.452045E+04,2.771130E+04,1.167030E+00,2.420239E+00,2.271826E+04,1.787443E+04,7.680171E-01,1.561119E+00,4.110932E+04,3.537447E+04,1.389637E+00,3.089784E+00,2.684058E+04,2.097300E+04,9.072771E-01,1.831904E+00
13:00:00,4.404874E+03,0.000000E+00,1.489560E-01,0.000000E+00,2.950587E+03,0.000000E+00,9.977760E-02,0.000000E+00,3.440966E+04,2.792837E+04,1.163284E+00,2.439197E+00,2.264894E+04,1.816094E+04,7.656736E-01,1.586149E+00,4.106785E+04,3.567195E+04,1.388235E+00,3.115763E+00,2.681578E+04,2.133239E+04,9.064390E-01,1.863307E+00
13:15:00,4.388992E+03,0.000000E+00,1.484190E-01,0.000000E+00,2.940060E+03,0.000000E+00,9.942164E-02,0.000000E+00,3.430254E+04,2.811827E+04,1.159663E+00,2.455781E+00,2.258196E+04,1.853400E+04,7.634093E-01,1.618740E+00,4.103089E+04,3.591021E+04,1.386986E+00,3.136570E+00,2.679371E+04,2.182428E+04,9.056929E-01,1.906284E+00
13:30:00,4.373607E+03,0.000000E+00,1.478987E-01,0.000000E+00,2.929871E+03,0.000000E+00,9.907707E-02,0.000000E+00,3.419892E+04,2.827024E+04,1.156160E+00,2.469052E+00,2.251722E+04,1.896375E+04,7.612206E-01,1.656280E+00,4.099800E+04,3.607392E+04,1.385874E+00,3.150865E+00,2.677408E+04,2.240571E+04,9.050291E-01,1.957081E+00
13:45:00,4.358701E+03,0.000000E+00,1.473947E-01,0.000000E+00,2.920005E+03,0.000000E+00,9.874345E-02,0.000000E+00,3.409863E+04,2.837671E+04,1.152769E+00,2.478349E+00,2.245461E+04,1.942781E+04,7.591038E-01,1.696815E+00,4.096871E+04,3.615196E+04,1.384884E+00,3.157677E+00,2.675662E+04,2.304120E+04,9.044387E-01,2.012596E+00
14:00:00,4.344255E+03,0.000000E+00,1.469062E-01,0.000000E+00,2.910451E+03,0.000000E+00,9.842035E-02,0.000000E+00,3.400152E+04,2.843224E+04,1.149486E+00,2.483196E+00,2.239402E+04,1.990743E+04,7.570556E-01,1.738707E+00,4.094265E+04,3.613587E+04,1.384002E+00,3.156266E+00,2.674108E+04,2.369955E+04,9.039134E-01,2.070106E+00
14:15:00,4.330252E+03,0.000000E+00,1.464326E-01,0.000000E+00,2.901196E+03,0.000000E+00,9.810738E-02,0.000000E+00,3.390744E+04,2.842886E+04,1.146306E+00,2.482897E+00,2.233538E+04,2.038332E+04,7.550730E-01,1.780272E+00,4.091943E+04,3.601413E+04,1.383217E+00,3.145627E+00,2.672725E+04,2.434910E+04,9.034460E-01,2.126844E+00
14:30:00,4.316676E+03,0.000000E+00,1.459735E-01,0.000000E+00,2.892228E+03,0.000000E+00,9.780414E-02,0.000000E+00,3.381628E+04,2.836498E+04,1.143224E+00,2.477315E+00,2.227859E+04,2.084179E+04,7.531530E-01,1.820313E+00,4.089875E+04,3.578377E+04,1.382518E+00,3.125500E+00,2.671495E+04,2.496588E+04,9.030299E-01,2.180716E+00
14:45:00,4.303510E+03,0.000000E+00,1.455283E-01,0.000000E+00,2.883538E+03,0.000000E+00,9.751028E-02,0.000000E+00,3.372791E+04,2.824146E+04,1.140236E+00,2.466524E+00,2.222357E+04,2.127140E+04,7.512930E-01,1.857833E+00,4.088033E+04,3.544586E+04,1.381895E+00,3.095980E+00,2.670398E+04,2.553001E+04,9.026593E-01,2.229988E+00
15:00:00,4.290741E+03,0.000000E+00,1.450965E-01,0.000000E+00,2.875115E+03,0.000000E+00,9.722544E-02,0.000000E+00,3.364221E+04,2.806144E+04,1.137338E+00,2.450799E+00,2.217025E+04,2.166274E+04,7.494904E-01,1.892010E+00,4.086389E+04,3.500523E+04,1.381340E+00,3.057487E+00,2.669421E+04,2.602536E+04,9.023290E-01,2.273251E+00
15:15:00,4.278354E+03,0.000000E+00,1.446776E-01,0.000000E+00,2.866950E+03,0.000000E+00,9.694930E-02,0.000000E+00,3.355907E+04,2.781401E+04,1.134528E+00,2.429186E+00,2.211856E+04,2.200702E+04,7.477430E-01,1.922076E+00,4.084923E+04,3.444760E+04,1.380844E+00,3.008775E+00,2.668550E+04,2.643732E+04,9.020345E-01,2.309229E+00
15:30:00,4.266334E+03,0.000000E+00,1.442712E-01,0.000000E+00,2.859032E+03,0.000000E+00,9.668155E-02,0.000000E+00,3.347840E+04,2.751622E+04,1.131801E+00,2.403174E+00,2.206844E+04,2.229785E+04,7.460485E-01,1.947474E+00,4.083615E+04,3.379411E+04,1.380402E+00,2.951691E+00,2.667772E+04,2.675542E+04,9.017716E-01,2.337007E+00
15:45:00,4.254671E+03,0.000000E+00,1.438767E-01,0.000000E+00,2.851353E+03,0.000000E+00,9.642188E-02,0.000000E+00,3.340011E+04,2.718007E+04,1.129154E+00,2.373812E+00,2.201982E+04,2.253070E+04,7.444050E-01,1.967806E+00,4.082446E+04,3.306366E+04,1.380007E+00,2.887886E+00,2.667078E+04,2.697217E+04,9.015368E-01,2.355932E+00
16:00:00,4.243350E+03,0.000000E+00,1.434939E-01,0.000000E+00,2.843905E+03,0.000000E+00,9.617001E-02,0.000000E+00,3.332410E+04,2.681811E+04,1.126584E+00,2.342198E+00,2.197266E+04,2.270176E+04,7.428105E-01,1.982743E+00,4.081401E+04,3.227489E+04,1.379653E+00,2.818987E+00,2.666457E+04,2.708157E+04,9.013270E-01,2.365481E+00
16:15:00,4.232361E+03,0.000000E+00,1.431223E-01,0.000000E+00,2.836679E+03,0.000000E+00,9.592566E-02,0.000000E+00,3.325030E+04,2.646891E+04,1.124089E+00,2.311698E+00,2.192689E+04,2.281408E+04,7.412631E-01,1.992548E+00,4.080465E+04,3.148099E+04,1.379337E+00,2.749640E+00,2.665902E+04,2.708728E+04,9.011393E-01,2.365972E+00
16:30:00,4.221691E+03,0.000000E+00,1.427615E-01,0.000000E+00,2.829668E+03,0.000000E+00,9.568857E-02,0.000000E+00,3.317862E+04,2.615303E+04,1.121665E+00,2.284110E+00,2.188246E+04,2.286804E+04,7.397613E-01,1.997257E+00,4.079628E+04,3.071362E+04,1.379054E+00,2.682614E+00,2.665405E+04,2.699031E+04,9.009711E-01,2.357496E+00
16:45:00,4.211331E+03,0.000000E+00,1.424112E-01,0.000000E+00,2.822864E+03,0.000000E+00,9.545849E-02,0.000000E+00,3.310899E+04,2.588698E+04,1.119312E+00,2.260875E+00,2.183934E+04,2.286104E+04,7.383033E-01,1.996643E+00,4.078877E+04,2.999896E+04,1.378800E+00,2.620193E+00,2.664959E+04,2.678884E+04,9.008204E-01,2.339892E+00
17:00:00,4.201269E+03,0.000000E+00,1.420709E-01,0.000000E+00,2.816260E+03,0.000000E+00,9.523518E-02,0.000000E+00,3.304135E+04,2.567340E+04,1.117025E+00,2.242223E+00,2.179747E+04,2.278730E+04,7.368877E-01,1.990199E+00,4.078204E+04,2.934638E+04,1.378572E+00,2.563196E+00,2.664559E+04,2.647726E+04,9.006851E-01,2.312671E+00
17:15:00,4.191497E+03,0.000000E+00,1.417404E-01,0.000000E+00,2.809850E+03,0.000000E+00,9.501842E-02,0.000000E+00,3.297562E+04,2.550364E+04,1.114803E+00,2.227400E+00,2.175680E+04,2.263856E+04,7.355130E-01,1.977205E+00,4.077599E+04,2.875028E+04,1.378368E+00,2.511133E+00,2.664199E+04,2.604684E+04,9.005635E-01,2.275070E+00
17:30:00,4.182004E+03,0.000000E+00,1.414194E-01,0.000000E+00,2.803627E+03,0.000000E+00,9.480797E-02,0.000000E+00,3.291174E+04,2.534438E+04,1.112643E+00,2.213493E+00,2.171731E+04,2.240107E+04,7.341779E-01,1.956460E+00,4.077054E+04,2.817232E+04,1.378184E+00,2.460656E+00,2.663875E+04,2.548189E+04,9.004540E-01,2.225719E+00
17:45:00,4.172781E+03,0.000000E+00,1.411075E-01,0.000000E+00,2.797584E+03,0.000000E+00,9.460363E-02,0.000000E+00,3.284966E+04,2.513976E+04,1.110544E+00,2.195623E+00,2.167895E+04,2.204170E+04,7.328810E-01,1.925070E+00,4.076564E+04,2.753775E+04,1.378018E+00,2.405232E+00,2.663583E+04,2.473918E+04,9.003554E-01,2.160840E+00
18:00:00,4.163819E+03,0.000000E+00,1.408045E-01,0.000000E+00,2.791716E+03,0.000000E+00,9.440520E-02,0.000000E+00,3.278931E+04,2.488229E+04,1.108504E+00,2.173138E+00,2.164168E+04,2.156740E+04,7.316210E-01,1.883641E+00,4.076122E+04,2.683134E+04,1.377868E+00,2.343532E+00,2.663320E+04,2.382659E+04,9.002663E-01,2.081123E+00
18:15:00,4.155111E+03,0.000000E+00,1.405100E-01,0.000000E+00,2.786017E+03,0.000000E+00,9.421248E-02,0.000000E+00,3.273064E+04,2.453979E+04,1.106520E+00,2.143223E+00,2.160547E+04,2.096482E+04,7.303969E-01,1.831008E+00,4.075722E+04,2.601358E+04,1.377733E+00,2.272104E+00,2.663082E+04,2.273258E+04,9.001858E-01,1.985558E+00
18:30:00,4.146647E+03,0.000000E+00,1.402238E-01,0.000000E+00,2.780482E+03,0.000000E+00,9.402528E-02,0.000000E+00,3.267360E+04,2.408323E+04,1.104592E+00,2.103345E+00,2.157028E+04,2.022493E+04,7.292073E-01,1.766383E+00,4.075360E+04,2.504673E+04,1.377611E+00,2.187651E+00,2.662866E+04,2.144948E+04,9.001128E-01,1.873478E+00
18:45:00,4.138421E+03,0.000000E+00,1.399456E-01,0.000000E+00,2.775104E+03,0.000000E+00,9.384344E-02,0.000000E+00,3.261813E+04,2.348241E+04,1.102717E+00,2.050868E+00,2.153609E+04,1.933556E+04,7.280514E-01,1.688703E+00,4.075032E+04,2.389129E+04,1.377500E+00,2.086724E+00,2.662670E+04,1.996587E+04,9.000465E-01,1.743884E+00
19:00:00,4.130424E+03,0.000000E+00,1.396752E-01,0.000000E+00,2.769879E+03,0.000000E+00,9.366676E-02,0.000000E+00,3.256419E+04,2.270141E+04,1.100893E+00,1.982652E+00,2.150286E+04,1.829077E+04,7.269279E-01,1.597448E+00,4.074735E+04,2.249715E+04,1.377400E+00,1.964946E+00,2.662491E+04,1.827407E+04,8.999862E-01,1.596105E+00
19:15:00,4.122650E+03,0.000000E+00,1.394123E-01,0.000000E+00,2.764803E+03,0.000000E+00,9.349510E-02,0.000000E+00,3.251174E+04,2.178628E+04,1.099120E+00,1.902721E+00,2.147056E+04,1.716635E+04,7.258359E-01,1.499238E+00,4.074464E+04,2.091557E+04,1.377308E+00,1.826794E+00,2.662329E+04,1.646766E+04,8.999313E-01,1.438315E+00
19:30:00,4.115091E+03,0.000000E+00,1.391567E-01,0.000000E+00,2.759870E+03,0.000000E+00,9.332828E-02,0.000000E+00,3.246072E+04,2.087338E+04,1.097395E+00,1.822984E+00,2.143916E+04,1.611656E+04,7.247745E-01,1.407547E+00,4.074217E+04,1.932302E+04,1.377224E+00,1.687685E+00,2.662180E+04,1.474939E+04,8.998810E-01,1.288225E+00
19:45:00,4.107741E+03,0.000000E+00,1.389081E-01,0.000000E+00,2.755076E+03,0.000000E+00,9.316616E-02,0.000000E+00,3.241110E+04,2.009527E+04,1.095717E+00,1.755022E+00,2.140864E+04,1.526631E+04,7.237426E-01,1.333287E+00,4.073991E+04,1.791761E+04,1.377148E+00,1.564923E+00,2.662044E+04,1.330646E+04,8.998350E-01,1.162189E+00
20:00:00,4.100593E+03,0.000000E+00,1.386664E-01,0.000000E+00,2.750416E+03,0.000000E+00,9.300859E-02,0.000000E+00,3.236283E+04,1.950136E+04,1.094085E+00,1.703153E+00,2.137897E+04,1.464833E+04,7.227395E-01,1.279318E+00,4.073784E+04,1.679770E+04,1.377078E+00,1.467104E+00,2.661919E+04,1.221163E+04,8.997928E-01,1.066564E+00
20:15:00,4.093642E+03,0.000000E+00,1.384314E-01,0.000000E+00,2.745887E+03,0.000000E+00,9.285542E-02,0.000000E+00,3.231587E+04,1.909265E+04,1.092498E+00,1.667462E+00,2.135012E+04,1.423663E+04,7.217641E-01,1.243368E+00,4.073593E+04,1.598688E+04,1.377014E+00,1.396290E+00,2.661804E+04,1.144971E+04,8.997539E-01,1.000022E+00
20:30:00,4.086881E+03,0.000000E+00,1.382027E-01,0.000000E+00,2.741484E+03,0.000000E+00,9.270653E-02,0.000000E+00,3.227018E+04,1.877430E+04,1.090953E+00,1.639667E+00,2.132207E+04,1.391863E+04,7.208158E-01,1.215604E+00,4.073418E+04,1.537323E+04,1.376955E+00,1.342701E+00,2.661698E+04,1.088211E+04,8.997180E-01,9.504561E-01
20:45:00,4.080305E+03,0.000000E+00,1.379804E-01,0.000000E+00,2.737203E+03,0.000000E+00,9.256177E-02,0.000000E+00,3.222574E+04,1.848534E+04,1.089451E+00,1.614436E+00,2.129479E+04,1.363503E+04,7.198937E-01,1.190842E+00,4.073257E+04,1.486109E+04,1.376900E+00,1.297979E+00,2.661599E+04,1.041472E+04,8.996847E-01,9.096423E-01
21:00:00,4.073908E+03,0.000000E+00,1.377640E-01,0.000000E+00,2.733041E+03,0.000000E+00,9.242103E-02,0.000000E+00,3.218249E+04,1.821609E+04,1.087989E+00,1.590926E+00,2.126827E+04,1.337547E+04,7.189971E-01,1.168178E+00,4.073107E+04,1.441657E+04,1.376849E+00,1.259162E+00,2.661508E+04,1.001474E+04,8.996538E-01,8.747137E-01
21:15:00,4.067684E+03,0.000000E+00,1.375536E-01,0.000000E+00,2.728994E+03,0.000000E+00,9.228417E-02,0.000000E+00,3.214041E+04,1.795900E+04,1.086566E+00,1.568476E+00,2.124247E+04,1.313256E+04,7.181251E-01,1.146965E+00,4.072968E+04,1.401709E+04,1.376802E+00,1.224276E+00,2.661423E+04,9.661466E+03,8.996251E-01,8.438621E-01
21:30:00,4.061629E+03,0.000000E+00,1.373488E-01,0.000000E+00,2.725058E+03,0.000000E+00,9.215109E-02,0.000000E+00,3.209947E+04,1.771125E+04,1.085182E+00,1.546840E+00,2.121739E+04,1.290269E+04,7.172770E-01,1.126891E+00,4.072839E+04,1.365099E+04,1.376759E+00,1.192304E+00,2.661344E+04,9.343415E+03,8.995982E-01,8.160853E-01
21:45:00,4.055737E+03,0.000000E+00,1.371496E-01,0.000000E+00,2.721231E+03,0.000000E+00,9.202166E-02,0.000000E+00,3.205963E+04,1.747102E+04,1.083835E+00,1.525859E+00,2.119299E+04,1.268342E+04,7.164523E-01,1.107741E+00,4.072718E+04,1.331075E+04,1.376718E+00,1.162588E+00,2.661269E+04,9.053042E+03,8.995731E-01,7.907248E-01
22:00:00,4.050004E+03,0.000000E+00,1.369557E-01,0.000000E+00,2.717509E+03,0.000000E+00,9.189578E-02,0.000000E+00,3.202085E+04,1.723701E+04,1.082524E+00,1.505422E+00,2.116927E+04,1.247299E+04,7.156501E-01,1.089363E+00,4.072605E+04,1.299097E+04,1.376680E+00,1.134659E+00,2.661200E+04,8.784884E+03,8.995495E-01,7.673040E-01
22:15:00,3.035364E+03,0.000000E+00,1.026444E-01,0.000000E+00,2.036742E+03,0.000000E+00,6.887486E-02,0.000000E+00,2.525591E+04,1.355737E+04,8.471742E-01,1.172107E+00,1.690720E+04,1.004502E+04,5.660646E-01,8.645156E-01,3.339357E+04,9.624868E+03,1.113796E+00,8.406569E-01,2.202222E+04,6.566936E+03,7.335246E-01,5.723161E-01
22:30:00,2.022175E+03,0.000000E+00,6.838226E-02,0.000000E+00,1.356919E+03,0.000000E+00,4.588584E-02,0.000000E+00,1.978098E+04,1.045435E+04,6.486943E-01,8.808074E-01,1.347969E+04,8.028223E+03,4.404847E-01,6.699939E-01,2.810745E+04,6.741578E+03,9.098208E-01,5.821433E-01,1.872186E+04,4.709190E+03,6.045334E-01,4.040254E-01
22:45:00,1.010400E+03,0.000000E+00,3.416788E-02,0.000000E+00,6.780135E+02,0.000000E+00,2.292783E-02,0.000000E+00,1.523197E+04,7.842243E+03,4.768281E-01,6.247461E-01,1.059927E+04,6.305816E+03,3.304805E-01,4.965704E-01,2.437422E+04,4.349714E+03,7.497094E-01,3.599511E-01,1.636492E+04,3.214363E+03,5.022179E-01,2.621722E-01
23:00:00,0.000000E+00,0.000000E+00,0.000000E+00,0.000000E+00,0.000000E+00,0.000000E+00,0.000000E+00,0.000000E+00,1.122202E+04,5.519985E+03,3.201543E-01,3.897032E-01,8.047253E+03,4.753661E+03,2.297234E-01,3.357557E-01,2.139264E+04,2.473167E+03,6.107555E-01,1.747696E-01,1.446631E+04,2.026427E+03,4.128397E-01,1.429173E-01
23:15:00,0.000000E+00,0.000000E+00,0.000000E+00,0.000000E+00,0.000000E+00,0.000000E+00,0.000000E+00,0.000000E+00,1.408520E+04,6.716698E+03,4.017547E-01,4.737354E-01,9.847300E+03,5.497643E+03,2.810181E-01,3.878941E-01,2.612391E+04,3.740862E+03,7.454974E-01,2.640036E-01,1.740810E+04,2.804791E+03,4.966093E-01,1.976645E-01
23:30:00,0.000000E+00,0.000000E+00,0.000000E+00,0.000000E+00,0.000000E+00,0.000000E+00,0.000000E+00,0.000000E+00,1.579502E+04,7.427920E+03,4.504301E-01,5.231687E-01,1.089519E+04,5.889202E+03,3.106861E-01,4.147479E-01,2.900488E+04,4.639989E+03,8.269145E-01,3.271759E-01,1.917992E+04,3.340168E+03,5.467460E-01,2.351353E-01
23:45:00,0.000000E+00,0.000000E+00,0.000000E+00,0.000000E+00,0.000000E+00,0.000000E+00,0.000000E+00,0.000000E+00,1.665570E+04,7.704107E+03,4.747288E-01,5.422756E-01,1.144722E+04,6.028910E+03,3.262679E-01,4.243711E-01,3.046781E+04,5.149315E+03,8.683092E-01,3.624913E-01,2.009269E+04,3.577437E+03,5.726107E-01,2.518193E-01
24:00:00,0.000000E+00,0.000000E+00,0.000000E+00,0.000000E+00,0.000000E+00,0.000000E+00,0.000000E+00,0.000000E+00,1.704461E+04,7.740784E+03,4.858008E-01,5.448661E-01,1.171546E+04,6.036385E+03,3.339031E-01,4.249053E-01,3.128580E+04,5.218493E+03,8.915866E-01,3.673346E-01,2.061337E+04,3.563326E+03,5.874249E-01,2.508307E-01
Peak,5.123986E+03,0.000000E+00,1.735575E-01,0.000000E+00,3.469320E+03,0.000000E+00,1.173751E-01,0.000000E+00,3.833842E+04,2.843224E+04,1.290548E+00,2.483196E+00,2.515502E+04,2.286804E+04,8.468793E-01,1.997257E+00,4.587836E+04,3.615196E+04,1.544598E+00,3.157677E+00,2.978156E+04,2.708728E+04,1.002752E+00,2.365972E+00

Peak Vol Flow (m3/s),,,1.475974E-01,0.000000E+00,,,9.981852E-02,0.000000E+00,,,1.097513E+00,2.111768E+00,,,7.202061E-01,1.698515E+00,,,1.313562E+00,2.685363E+00,,,8.527635E-01,2.012079E+00
